A	Agilent Technologies Inc.	
AAL	American Airlines Group Inc.	
AAP	Advance Auto Parts Inc.	
AAPL	Apple Inc.	
ABBV	AbbVie Inc.	
ABC	AmerisourceBergen Corp.	
ABMD	ABIOMED Inc.	
ABT	Abbott Laboratories	
ADM	Archer-Daniels-Midland Co.	
ADP	Automatic Data Processing Inc.	
ADS	Alliance Data Systems Corp.	
ADSK	Autodesk Inc.	
AEE	Ameren Corp.	
AEP	American Electric Power Co.	
AES	AES Corporation	
AFL	Aflac Inc.	
AIG	American International Group Inc.	
AIZ	Assurant Inc.	
AJG	Arthur J. Gallagher & Co.	
AKAM	Akamai Technologies Inc.	
ALB	Albemarle Corporation	
ALGN	Align Technology Inc.	
ALK	Alaska Air Group Inc.	
ALL	Allstate Corp.	
ALLE	Allegion plc	
AMAT	Applied Materials Inc.	
AMCR	Amcor plc	
AMD	Advanced Micro Devices Inc.	
AME	AMETEK Inc.	
AMGN	Amgen Inc.	
AMP	Ameriprise Financial Inc.	
AMT	American Tower Corp.	
AMZN	Amazon.com Inc.	
ANET	Arista Networks Inc.	
ANSS	ANSYS Inc.	
AON	Aon plc	
APA	APA Corporation	
APD	Air Products & Chemicals Inc.	
APH	Amphenol Corp.	
APTV	Aptiv PLC	
ARE	Alexandria Real Estate Equities Inc.	
ATO	Atmos Energy Corp.	
ATRA	Atara Biotherapeutics Inc.	
ATVI	Activision Blizzard Inc.	
AVB	Aviva plc	
AVGO	Broadcom Inc.	
AVY	Avery Dennison Corp.	
AWK	American Water Works Co.	
AXP	American Express Co.	
AZO	AutoZone Inc.	
BA	The Boeing Company	
BAC	Bank of America Corp.	
BAX	Baxter International Inc.	
BBWI	Bed Bath & Beyond Inc.	
BBY	Best Buy Co.	
BDX	Becton Dickinson & Co.	
BEN	Franklin Resources Inc.	
BF.B	Brown-Forman Corp. (Class B)	
BIIB	Biogen Inc.	
BK	Bank of New York Mellon Corp.	
BKNG	Booking Holdings Inc.	
BKR	Baker Hughes Co.	
BLK	BlackRock Inc.	
BLL	Ball Corp.	
BMY	Bristol-Myers Squibb Co.	
BSX	Boston Scientific Corp.	
BTI	British American Tobacco p.l.c.	
BURL	Burlington Stores Inc.	
BXP	Boston Properties Inc.	
C	Citigroup Inc.	
CAG	Conagra Brands Inc.	
CAH	CVS Health Corp.	
CARR	Carrier Global Corp.	
CAT	Caterpillar Inc.	
CB	Chubb Ltd.	
CBOE	CBOE Global Markets Inc.	
CBRE	CBRE Group Inc.	
CCI	Crown Castle Inc.	
CCL	Carnival Corp.	
CDNS	Cadence Design Systems Inc.	
CDW	CDW Corp.	
CE	Exelon Corp.	
CERN	Cerner Corp.	
CF	CF Industries Holdings Inc.	
CFG	Citizens Financial Group Inc.	
CHD	Church & Dwight Co.	
CHRW	Charter Communications Inc.	
CHT	Chunghwa Telecom Co.	 Ltd.
CI	CIGNA Corp.	
CINF	Cincinnati Financial Corp.	
CL	Colgate-Palmolive Co.	
CLX	Clorox Co.	
CMA	Comerica Inc.	
CMCSA	Comcast Corp.	
CME	CME Group Inc.	
CMG	Chipotle Mexican Grill Inc.	
CMI	Cummins Inc.	
CMS	CMS Energy Corp.	
CNC	Centene Corp.	
CNP	CenterPoint Energy Inc.	
COF	Capital One Financial Corp.	
COG	ConocoPhillips	
COO	Cooper Companies Inc.	
COP	ConocoPhillips (duplicate class?)	
COST	Costco Wholesale Corp.	
COTY	Coty Inc.	
CPB	Campbell Soup Co.	
CPRT	Copart Inc.	
CRM	Salesforce Inc.	
CSCO	Cisco Systems Inc.	
CSX	CSX Corp.	
CTAS	Cintas Corp.	
CTL	CenturyLink Inc.	
CTSH	Cognizant Technology Solutions Corp.	
CTVA	Corteva Inc.	
CTX	Centene Corp. (duplicate?)	
CVS	CVS Health Corp. (duplicate?)	
CVX	Chevron Corp.	
DXC	DXC Technology Co.	
D	Dominion Energy Inc.	
DAL	Delta Air Lines Inc.	
DD	Dupont de Nemours Inc.	
DE	Deere & Company	
DFS	Discover Financial Services	
DG	Dollar General Corp.	
DGX	Quest Diagnostics Inc.	
DHI	D.R. Horton Inc.	
DHR	Danaher Corp.	
DIS	The Walt Disney Company	
DISCA	Discovery Inc. (Class A)	
DISCB	Discovery Inc. (Class B)	
DLR	Digital Realty Trust Inc.	
DLTR	Dollar Tree Inc.	
DOV	Dover Corp.	
DOW	The Dow Chemical Co.	
DPZ	Domino�s Pizza Inc.	
DQ	DAQO New Energy Corp.	
DRI	Darden Restaurants Inc.	
DTE	DTE Energy Co.	
DUK	Duke Energy Corp.	
DVA	DaVita Inc.	
DVN	Devon Energy Corp.	
DXC	DXC Technology Co. (duplicate)	
EA	Electronic Arts Inc.	
EBAY	eBay Inc.	
ECL	Ecolab Inc.	
ED	Consolidated Edison Inc.	
EE	Exelon Generation Co. (duplicate?)	
EIX	Edison International	
EL	Est�e Lauder Inc.	
EMN	Eastman Chemical Co.	
EMR	Emerson Electric Co.	
EOG	EOG Resources Inc.	
EPAM	EPAM Systems Inc.	
EQIX	Equinix Inc.	
EQR	Equity Residential	
ES	Essex Property Trust	 Inc.
ESS	Essex Property Trust Inc. (duplicate?)	
ETN	Eaton Corp.	
ETR	Entergy Corp.	
EVRG	Evergy Inc.	
EW	Edwards Lifesciences Corp.	
EXC	Exelon Corp. (duplicate?)	
EXPD	Expeditors International of Washington	
EXR	Extra Space Storage Inc.	
F	 Ford Motor Co.	
FAST	Fastenal Co.	
FB	Meta Platforms Inc.	
FBHS	Fortune Brands Home & Security Inc.	
FCX	Freeport-McMoRan Inc.	
FDX	FedEx Corp.	
FE	FirstEnergy Corp.	
FFIV	Fortinet Inc.	
FIS	Fidelity National Information Services	 Inc.
FISV	FISV Inc.	
FITB	Fifth Third Bancorp	
FL	Foot Locker Inc.	
FLIR	FLIR Systems Inc.	
FLS	Flowserve Corp.	
FLT	FleetCor Technologies Inc.	
FMC	FMC Corp.	
FTI	TechnipFMC plc	
FTNT	Fortinet Inc. (duplicate?)	
FTV	Fortiva Inc. (duplicate?)	
GD	General Dynamics Corp.	
GE	General Electric Co.	
GGP	General Growth Properties Inc.	
GILD	Gilead Sciences Inc.	
GIS	General Mills Inc.	
GL	Globe Life Inc.	
GLW	Corning Inc.	
GM	General Motors Co.	
GNRC	Generac Holdings Inc.	
GOOG	Alphabet Inc. (Class C)	
GOOGL	Alphabet Inc. (Class A)	
GPC	Genuine Parts Co.	
GPN	Global Payments Inc.	
GRE	N/A	
GS	Goldman Sachs Group Inc.	
GT	Goodyear Tire & Rubber Co.	
GWW	W.W. Grainger Inc.	
HAL	Halliburton Co.	
HAS	Hasbro Inc.	
HBAN	Huntington Bancshares Inc.	
HBI	Hanesbrands Inc.	
HCA	HCA Healthcare Inc.	
HCN	Healthpeak Properties Inc.	
HCP	HCP Inc.	
HD	Home Depot Inc.	
HES	Hess Corp.	
HIG	Hartford Financial Services Group Inc.	
HLT	Hilton Worldwide Holdings Inc.	
HOLX	 Hologic Inc.	
HON	Honeywell International Inc.	
HPQ	HP Inc.	
HRB	H&R Block Inc.	
HRL	Hormel Foods Corp.	
HSIC	Henry Schein Inc.	
HST	Host Hotels & Resorts Inc.	
HSY	Hershey Co.	
HUM	Humana Inc.	
IBM	IBM Corp.	
ICE	Intercontinental Exchange Inc.	
IDXX	 IDEXX Laboratories	 Inc.
IEX	IEX Group Inc.	
IFF	International Flavors & Fragrances Inc.	
ILMN	Illumina Inc.	
INCY	Incyte Corp.	
INTC	Intel Corp.	
INTU	Intuit Inc.	
IP	International Paper Co.	
IPG	Interpublic Group of Companies Inc.	
IPGP	IPG Photonics Corp.	
IQV	IQVIA Holdings Inc.	
IR	Ingersoll-Rand Inc.	
IRM	Iron Mountain Inc.	
ISRG	Intuitive Surgical Inc.	
IT	Garmin Inc. (duplicate class?)	
ITW	Illinois Tool Works Inc.	
IVZ	Invesco Ltd.	
J	Jacobs Engineering Group Inc.	
JBHT	JB Hunt Transport Services Inc.	
JCI	Johnson Controls International plc	
JD	JD.com Inc.	
JEF	Jefferies Financial Group Inc.	
JKHY	Jack Henry & Associates Inc.	
JNJ	Johnson & Johnson	
JNPR	Juniper Networks Inc.	
JPM	JP Morgan Chase & Co.	
JWN	 Nordstrom Inc.	
K	Kellogg Co.	
KEY	KeyCorp	
KHC	 The Kraft Heinz Company	
KIM	Kimco Realty Corp.	
KLAC	KLA Corp.	
KMX	CarMax Inc.	
KO	 The Coca-Cola Company	
KR	Kroger Co.	
KSS	Kohl�s Corp.	
L	Loews Corp.	
LB	L Brands Inc.	
LDOS	Leidos Holdings Inc.	
LEG	 Leggett & Platt Inc.	
LEN	Lennar Corp.	
LH	 Laboratory Corp of America Holdings	
LHX	 L3Harris Technologies Inc.	
LIN	Linde plc	
LKQ	 LKQ Corp.	
LLY	 Eli Lilly and Co.	
LMT	Lockheed Martin Corp.	
L	Loews Corp. (duplicate)	
LNC	 Lincoln National Corp.	
LNT	 Alliant Energy	
LOW	 Lowe�s Cos Inc.	
LRCX	 Lam Research Corp.	
LUMN	 Lumen Technologies Inc.	
LUV	 Southwest Airlines Co.	
LVS	 Las Vegas Sands Corp.	
LW	 Lamb Weston Holdings Inc.	
LYB	 LyondellBasell Industries	
M	 Macy�s Inc.	
MA	 Mastercard Inc.	
MAA	 MidAmerica Apartment Communities Inc.	
MAC	 Macerich Co.	
MAR	 Marriott International Inc.	
MAS	 Masco Corp.	
MAT	 Mattel Inc.	
MCD	 McDonald�s Corp.	
MCK	 McKesson Corp.	
MCO	 Moody�s Corp.	
MDLZ	 Mondelez Intl Inc.	
MDT	 Medtronic plc	
MET	 MetLife Inc.	
MGM	 MGM Resorts International Inc.	
MHK	 Mohawk Industries Inc.	
MKC	 McCormick & Co.	
MKTX	 MarketAxess Holdings Inc.	
MLM	 Martin Marietta Materials Inc.	
MMC	 Marsh & McLennan Co.	
MMM	 3M Company	
MNST	 Monster Beverage Corp.	
MO	 Altria Group Inc.	
MOS	 Mosaic Co.	
MPC	 Marathon Petroleum Corp.	
MRK	 Merck & Co. Inc.	
MRNA	 Moderna Inc.	
MRO	 Marathon Oil Corp.	
MS	 Morgan Stanley	
MSCI	 MSCI Inc.	
MSFT	 Microsoft Corp.	
MSI	 Motorola Solutions Inc.	
MTB	 M&T Bank Corp.	
TGT	 Target Corp.	
TIF	 Tiffany & Co.	
TJX	 TJX Companies Inc.	
TMUS	 T-Mobile US Inc.	
TSCO	 Tractor Supply Co.	
TSLA	 Tesla Inc.	
TSN	 Tyson Foods Inc.	
TT	 Trane Technologies plc	
TRV	 The Travelers Companies Inc.	
TSM	 TSMC (Taiwan Semiconductor Manufacturing Co. Ltd.)  	
TTWO	 Take-Two Interactive Software Inc.	
TWTR	 Twitter Inc.	
TXN	 Texas Instruments Inc.	
TXT	 Textron Inc.	
TYL	 Tyler Technologies Inc.	
T	 AT&T Inc.	
TDG	 TransDigm Group Inc.	
TX	 Ternium S.A.	
UDR	 UDR Inc.	
UHS	 Universal Health Services Inc.	
UL	 Unilever PLC	
UNH	 UnitedHealth Group Inc.	
UNM	 Unum Group Inc.	
V	 Visa Inc.	
VAR	 Varian Medical Systems Inc.	
VFC	 VF Corp.	
VIAC	 ViacomCBS Inc.	
VLO	 Valero Energy Corp.	
VMC	 Vulcan Materials Co.	
VNO	 Vornado Realty Trust Inc.	
VRSK	 Verisk Analytics Inc.	
VRSN	 VeriSign Inc.	
VRTX	 Vertex Pharmaceuticals Inc.	
VTR	 Ventas Inc.	
VZ	 Verizon Communications Inc.	
WAB	 Wabtec Corp.	
WAT	 Waters Corp.	
WBA	 Walgreens Boots Alliance Inc.	
WCC	 WESCO International Inc.	
WDC	 Western Digital Corp.	
WEC	 WEC Energy Group Inc.	
WELL	 Welltower Inc.	
WFC	 Wells Fargo & Co.	
WHR	 Whirlpool Corp.	
WLTW	 Willis Towers Watson PLC	
WM	 Waste Management Inc.	
WMB	 The Williams Companies Inc.	
WMT	 Walmart Inc.	
WRB	 WR Berkley Corp.	
WRK	 WestRock Co.	
WST	 Westinghouse Air Brake Technologies Corp.	
WTW	 Willis Towers Watson PLC (duplicate?)	
XEL	 Xcel Energy Inc.	
XLNX	 Xilinx Inc.	
XOM	 Exxon Mobil Corp.	
XRAY	 DENTSPLY Sirona Inc.	
XRX	 Xerox Holdings Corp.	
XYL	 Xylem Inc.	
YUM	 Yum! Brands Inc.	
ZBH	 Zimmer Biomet Holdings Inc.	
ZION	 Zions Bancorporation	
ZTS	 Zoetis Inc.	
